{
  "name" : "Help",
  "type" : "NLPIntent",
  "trackingId" : "252E53D0-7083-4633-9068-CB28E4BD726A",
  "enabled" : true,
  "intentParameters" : [ ],
  "exampleData" : [ {
    "sentence" : "I dont know how to use the bot",
    "trackingId" : "75529751-D9E9-4BEC-9564-8D1A68A701DD",
    "nativeLanguageTag" : "en",
    "translated" : null,
    "detectedLanguage" : null,
    "translatedLanguage" : null,
    "translatedBy" : null,
    "crowdJobId" : null,
    "contributor" : null,
    "developerId" : null,
    "developerTag" : null,
    "exampleEntities" : [ ]
  }, {
    "sentence" : "I need help",
    "trackingId" : "539D0098-78FC-4C0F-9D06-CE23992ED393",
    "nativeLanguageTag" : "en",
    "translated" : null,
    "detectedLanguage" : null,
    "translatedLanguage" : null,
    "translatedBy" : null,
    "crowdJobId" : null,
    "contributor" : null,
    "developerId" : null,
    "developerTag" : null,
    "exampleEntities" : [ ]
  }, {
    "sentence" : "What can I do",
    "trackingId" : "A123295D-663E-427B-AB92-D3B336650DCE",
    "nativeLanguageTag" : "en",
    "translated" : null,
    "detectedLanguage" : null,
    "translatedLanguage" : null,
    "translatedBy" : null,
    "crowdJobId" : null,
    "contributor" : null,
    "developerId" : null,
    "developerTag" : null,
    "exampleEntities" : [ ]
  } ],
  "autoCompleteData" : [ ]
}