{
  "name" : "WeatherForecast",
  "type" : "NLPIntent",
  "trackingId" : "2A761F41-4334-4083-8DDC-CE23674FA1D1",
  "enabled" : true,
  "intentParameters" : [ {
    "name" : "DATE",
    "required" : true,
    "entity" : "DATE",
    "trackingId" : "780183E9-EC8C-4D4F-965D-8ED333B14D26"
  }, {
    "name" : "LOCATION",
    "required" : true,
    "entity" : "LOCATION",
    "trackingId" : "C14EE1DE-0481-4BD9-BC66-CA45E68DC151"
  } ],
  "exampleData" : [ {
    "sentence" : "Is it raining in Madrid?",
    "trackingId" : "41E0DB23-BEC0-4CAB-B703-3A96E82E2E42",
    "nativeLanguageTag" : "en",
    "translated" : null,
    "detectedLanguage" : null,
    "translatedLanguage" : null,
    "translatedBy" : null,
    "crowdJobId" : null,
    "contributor" : null,
    "developerId" : null,
    "developerTag" : null,
    "exampleEntities" : [ ]
  }, {
    "sentence" : "Whats the temperature in new york",
    "trackingId" : "332A15F2-1747-41FE-BDAD-8BD3AC1483A4",
    "nativeLanguageTag" : "en",
    "translated" : null,
    "detectedLanguage" : null,
    "translatedLanguage" : null,
    "translatedBy" : null,
    "crowdJobId" : null,
    "contributor" : null,
    "developerId" : null,
    "developerTag" : null,
    "exampleEntities" : [ ]
  }, {
    "sentence" : "Whats the weather forecast in London for tomorrow",
    "trackingId" : "8A867B5C-69FB-40ED-A498-36BE0EEDB6E7",
    "nativeLanguageTag" : "en",
    "translated" : null,
    "detectedLanguage" : null,
    "translatedLanguage" : null,
    "translatedBy" : null,
    "crowdJobId" : null,
    "contributor" : null,
    "developerId" : null,
    "developerTag" : null,
    "exampleEntities" : [ ]
  } ],
  "autoCompleteData" : [ ]
}